{
  "name": "frontend",
  "version": "0.1.0",
  "proxy": "http://127.0.0.1:5000",
  "private": true,
  "dependencies": {
    "axios": "^0.21.1",
    "cra-template": "1.1.2",
    "react": "^17.0.2",
    "react-dom": "^17.0.2",
    "react-redux": "^7.2.4",
    "react-router-dom": "^5.2.1",
    "react-scripts": "4.0.3",
    "redux": "^4.1.1",
    "redux-devtools-extension": "^2.13.9",
    "redux-thunk": "^2.3.0"
  },
  "scripts": {
    "start": "react-scripts start",
    "build": "react-scripts build",
    "test": "react-scripts test",
    "eject": "react-scripts eject"
  },
  "eslintConfig": {
    "extends": [
      "react-app",
      "react-app/jest"
    ]
  },
  "browserslist": {
    "production": [
      ">0.2%",
      "not dead",
      "not op_mini all"
    ],
    "development": [
      "last 1 chrome version",
      "last 1 firefox version",
      "last 1 safari version"
    ]
  },
  "devDependencies": {
    "@testing-library/jest-dom": "^5.15.0",
    "@testing-library/react": "^12.1.2",
    "react-test-renderer": "^17.0.2",
    "web-vitals": "^2.1.0"
  }
}
